motif_id	motif_alt_id	sequence_name	start	stop	strand	score	p-value	q-value	matched_sequence
CYTCGNC	DREME-6	t48_peak_1539a	1	7	+	10.3333	5.38e-05	0.205	CTTCGAC
CYTCGNC	DREME-6	t48_peak_2359	1	7	+	10.3333	5.38e-05	0.205	CTTCGAC
CYTCGNC	DREME-6	t48_peak_1834	2	8	+	10.3333	5.38e-05	0.205	CTTCGAC
CYTCGNC	DREME-6	t48_peak_2197a	3	9	+	10.3333	5.38e-05	0.205	CTTCGAC
CYTCGNC	DREME-6	t48_peak_2185	5	11	+	10.3333	5.38e-05	0.205	CTTCGAC
CYTCGNC	DREME-6	t48_peak_1363	7	13	+	10.3333	5.38e-05	0.205	CTTCGAC
CYTCGNC	DREME-6	t48_peak_2323	1	7	-	10.3333	5.38e-05	0.205	CTTCGAC
CYTCGNC	DREME-6	t48_peak_112	7	13	+	10.3333	5.38e-05	0.205	CTTCGAC
CYTCGNC	DREME-6	t48_peak_2570	8	14	+	10.3333	5.38e-05	0.205	CTTCGAC
CYTCGNC	DREME-6	t48_peak_2189	8	14	+	10.3333	5.38e-05	0.205	CTTCGAC
CYTCGNC	DREME-6	t48_peak_944b	2	8	-	10.3333	5.38e-05	0.205	CTTCGAC
CYTCGNC	DREME-6	t48_peak_358	3	9	-	10.3333	5.38e-05	0.205	CTTCGAC
CYTCGNC	DREME-6	t48_peak_318	9	15	+	10.3333	5.38e-05	0.205	CTTCGAC
CYTCGNC	DREME-6	t48_peak_1549	4	10	-	10.3333	5.38e-05	0.205	CTTCGAC
CYTCGNC	DREME-6	t48_peak_1364	12	18	+	10.3333	5.38e-05	0.205	CTTCGAC
CYTCGNC	DREME-6	t48_peak_2511a	12	18	+	10.3333	5.38e-05	0.205	CTTCGAC
CYTCGNC	DREME-6	t48_peak_239	7	13	-	10.3333	5.38e-05	0.205	CTTCGAC
CYTCGNC	DREME-6	t48_peak_2377	13	19	+	10.3333	5.38e-05	0.205	CTTCGAC
CYTCGNC	DREME-6	t48_peak_2373	14	20	+	10.3333	5.38e-05	0.205	CTTCGAC
CYTCGNC	DREME-6	t48_peak_2046a	14	20	+	10.3333	5.38e-05	0.205	CTTCGAC
CYTCGNC	DREME-6	t48_peak_275	8	14	-	10.3333	5.38e-05	0.205	CTTCGAC
CYTCGNC	DREME-6	t48_peak_699b	8	14	-	10.3333	5.38e-05	0.205	CTTCGAC
CYTCGNC	DREME-6	t48_peak_1816	15	21	+	10.3333	5.38e-05	0.205	CTTCGAC
CYTCGNC	DREME-6	t48_peak_2292	15	21	+	10.3333	5.38e-05	0.205	CTTCGAC
CYTCGNC	DREME-6	t48_peak_2194b	10	16	-	10.3333	5.38e-05	0.205	CTTCGAC
CYTCGNC	DREME-6	t48_peak_1524	18	24	+	10.3333	5.38e-05	0.205	CTTCGAC
CYTCGNC	DREME-6	t48_peak_2335	12	18	-	10.3333	5.38e-05	0.205	CTTCGAC
CYTCGNC	DREME-6	t48_peak_717	14	20	-	10.3333	5.38e-05	0.205	CTTCGAC
CYTCGNC	DREME-6	t48_peak_1891	20	26	+	10.3333	5.38e-05	0.205	CTTCGAC
CYTCGNC	DREME-6	t48_peak_1774	21	27	+	10.3333	5.38e-05	0.205	CTTCGAC
CYTCGNC	DREME-6	t48_peak_1552	21	27	+	10.3333	5.38e-05	0.205	CTTCGAC
CYTCGNC	DREME-6	t48_peak_159	17	23	-	10.3333	5.38e-05	0.205	CTTCGAC
CYTCGNC	DREME-6	t48_peak_162	23	29	+	10.3333	5.38e-05	0.205	CTTCGAC
CYTCGNC	DREME-6	t48_peak_2554	23	29	+	10.3333	5.38e-05	0.205	CTTCGAC
CYTCGNC	DREME-6	t48_peak_1977a	24	30	+	10.3333	5.38e-05	0.205	CTTCGAC
CYTCGNC	DREME-6	t48_peak_2233	25	31	+	10.3333	5.38e-05	0.205	CTTCGAC
CYTCGNC	DREME-6	t48_peak_1771	20	26	-	10.3333	5.38e-05	0.205	CTTCGAC
CYTCGNC	DREME-6	t48_peak_2350	26	32	+	10.3333	5.38e-05	0.205	CTTCGAC
CYTCGNC	DREME-6	t48_peak_1767	22	28	-	10.3333	5.38e-05	0.205	CTTCGAC
CYTCGNC	DREME-6	t48_peak_86	22	28	-	10.3333	5.38e-05	0.205	CTTCGAC
CYTCGNC	DREME-6	t48_peak_638	28	34	+	10.3333	5.38e-05	0.205	CTTCGAC
CYTCGNC	DREME-6	t48_peak_2430	28	34	+	10.3333	5.38e-05	0.205	CTTCGAC
CYTCGNC	DREME-6	t48_peak_1133b	25	31	-	10.3333	5.38e-05	0.205	CTTCGAC
CYTCGNC	DREME-6	t48_peak_2446b	32	38	+	10.3333	5.38e-05	0.205	CTTCGAC
CYTCGNC	DREME-6	t48_peak_578	28	34	-	10.3333	5.38e-05	0.205	CTTCGAC
CYTCGNC	DREME-6	t48_peak_1971	34	40	+	10.3333	5.38e-05	0.205	CTTCGAC
CYTCGNC	DREME-6	t48_peak_2571	36	42	+	10.3333	5.38e-05	0.205	CTTCGAC
CYTCGNC	DREME-6	t48_peak_1051	37	43	+	10.3333	5.38e-05	0.205	CTTCGAC
CYTCGNC	DREME-6	t48_peak_2210	37	43	+	10.3333	5.38e-05	0.205	CTTCGAC
CYTCGNC	DREME-6	t48_peak_2388a	37	43	+	10.3333	5.38e-05	0.205	CTTCGAC
CYTCGNC	DREME-6	t48_peak_108	37	43	+	10.3333	5.38e-05	0.205	CTTCGAC
CYTCGNC	DREME-6	t48_peak_2464	32	38	-	10.3333	5.38e-05	0.205	CTTCGAC
CYTCGNC	DREME-6	t48_peak_1067	38	44	+	10.3333	5.38e-05	0.205	CTTCGAC
CYTCGNC	DREME-6	t48_peak_851b	33	39	-	10.3333	5.38e-05	0.205	CTTCGAC
CYTCGNC	DREME-6	t48_peak_362b	40	46	+	10.3333	5.38e-05	0.205	CTTCGAC
CYTCGNC	DREME-6	t48_peak_1722a	41	47	+	10.3333	5.38e-05	0.205	CTTCGAC
CYTCGNC	DREME-6	t48_peak_159	41	47	+	10.3333	5.38e-05	0.205	CTTCGAC
CYTCGNC	DREME-6	t48_peak_2064	35	41	-	10.3333	5.38e-05	0.205	CTTCGAC
CYTCGNC	DREME-6	t48_peak_599	37	43	-	10.3333	5.38e-05	0.205	CTTCGAC
CYTCGNC	DREME-6	t48_peak_782a	44	50	+	10.3333	5.38e-05	0.205	CTTCGAC
CYTCGNC	DREME-6	t48_peak_1951c	44	50	+	10.3333	5.38e-05	0.205	CTTCGAC
CYTCGNC	DREME-6	t48_peak_1083	45	51	+	10.3333	5.38e-05	0.205	CTTCGAC
CYTCGNC	DREME-6	t48_peak_1505b	45	51	+	10.3333	5.38e-05	0.205	CTTCGAC
CYTCGNC	DREME-6	t48_peak_977b	40	46	-	10.3333	5.38e-05	0.205	CTTCGAC
CYTCGNC	DREME-6	t48_peak_2518	46	52	+	10.3333	5.38e-05	0.205	CTTCGAC
CYTCGNC	DREME-6	t48_peak_473	42	48	-	10.3333	5.38e-05	0.205	CTTCGAC
CYTCGNC	DREME-6	t48_peak_2388b	42	48	-	10.3333	5.38e-05	0.205	CTTCGAC
CYTCGNC	DREME-6	t48_peak_946	48	54	+	10.3333	5.38e-05	0.205	CTTCGAC
CYTCGNC	DREME-6	t48_peak_2334	50	56	+	10.3333	5.38e-05	0.205	CTTCGAC
CYTCGNC	DREME-6	t48_peak_1146a	48	54	-	10.3333	5.38e-05	0.205	CTTCGAC
CYTCGNC	DREME-6	t48_peak_2033	49	55	-	10.3333	5.38e-05	0.205	CTTCGAC
CYTCGNC	DREME-6	t48_peak_1757	56	62	+	10.3333	5.38e-05	0.205	CTTCGAC
CYTCGNC	DREME-6	t48_peak_145	57	63	+	10.3333	5.38e-05	0.205	CTTCGAC
CYTCGNC	DREME-6	t48_peak_265	51	57	-	10.3333	5.38e-05	0.205	CTTCGAC
CYTCGNC	DREME-6	t48_peak_1114	57	63	+	10.3333	5.38e-05	0.205	CTTCGAC
CYTCGNC	DREME-6	t48_peak_314	52	58	-	10.3333	5.38e-05	0.205	CTTCGAC
CYTCGNC	DREME-6	t48_peak_1911	58	64	+	10.3333	5.38e-05	0.205	CTTCGAC
CYTCGNC	DREME-6	t48_peak_329	54	60	-	10.3333	5.38e-05	0.205	CTTCGAC
CYTCGNC	DREME-6	t48_peak_2358	55	61	-	10.3333	5.38e-05	0.205	CTTCGAC
CYTCGNC	DREME-6	t48_peak_2179b	62	68	+	10.3333	5.38e-05	0.205	CTTCGAC
CYTCGNC	DREME-6	t48_peak_337a	57	63	-	10.3333	5.38e-05	0.205	CTTCGAC
CYTCGNC	DREME-6	t48_peak_583	65	71	+	10.3333	5.38e-05	0.205	CTTCGAC
CYTCGNC	DREME-6	t48_peak_608	69	75	+	10.3333	5.38e-05	0.205	CTTCGAC
CYTCGNC	DREME-6	t48_peak_738	64	70	-	10.3333	5.38e-05	0.205	CTTCGAC
CYTCGNC	DREME-6	t48_peak_2388a	70	76	+	10.3333	5.38e-05	0.205	CTTCGAC
CYTCGNC	DREME-6	t48_peak_1733	70	76	+	10.3333	5.38e-05	0.205	CTTCGAC
CYTCGNC	DREME-6	t48_peak_398	64	70	-	10.3333	5.38e-05	0.205	CTTCGAC
CYTCGNC	DREME-6	t48_peak_961	64	70	-	10.3333	5.38e-05	0.205	CTTCGAC
CYTCGNC	DREME-6	t48_peak_2392	65	71	-	10.3333	5.38e-05	0.205	CTTCGAC
CYTCGNC	DREME-6	t48_peak_451b	71	77	+	10.3333	5.38e-05	0.205	CTTCGAC
CYTCGNC	DREME-6	t48_peak_18b	65	71	-	10.3333	5.38e-05	0.205	CTTCGAC
CYTCGNC	DREME-6	t48_peak_854	65	71	-	10.3333	5.38e-05	0.205	CTTCGAC
CYTCGNC	DREME-6	t48_peak_884	73	79	+	10.3333	5.38e-05	0.205	CTTCGAC
CYTCGNC	DREME-6	t48_peak_2543	73	79	+	10.3333	5.38e-05	0.205	CTTCGAC
CYTCGNC	DREME-6	t48_peak_2171	67	73	-	10.3333	5.38e-05	0.205	CTTCGAC
CYTCGNC	DREME-6	t48_peak_194	74	80	+	10.3333	5.38e-05	0.205	CTTCGAC
CYTCGNC	DREME-6	t48_peak_1177	71	77	-	10.3333	5.38e-05	0.205	CTTCGAC
CYTCGNC	DREME-6	t48_peak_1757	71	77	-	10.3333	5.38e-05	0.205	CTTCGAC
CYTCGNC	DREME-6	t48_peak_1341	79	85	+	10.3333	5.38e-05	0.205	CTTCGAC
CYTCGNC	DREME-6	t48_peak_2256	79	85	+	10.3333	5.38e-05	0.205	CTTCGAC
CYTCGNC	DREME-6	t48_peak_2293	82	88	+	10.3333	5.38e-05	0.205	CTTCGAC
CYTCGNC	DREME-6	t48_peak_651	82	88	+	10.3333	5.38e-05	0.205	CTTCGAC
CYTCGNC	DREME-6	t48_peak_1171	83	89	+	10.3333	5.38e-05	0.205	CTTCGAC
CYTCGNC	DREME-6	t48_peak_1503b	83	89	+	10.3333	5.38e-05	0.205	CTTCGAC
CYTCGNC	DREME-6	t48_peak_2147a	78	84	-	10.3333	5.38e-05	0.205	CTTCGAC
CYTCGNC	DREME-6	t48_peak_84	84	90	+	10.3333	5.38e-05	0.205	CTTCGAC
CYTCGNC	DREME-6	t48_peak_2526	84	90	+	10.3333	5.38e-05	0.205	CTTCGAC
CYTCGNC	DREME-6	t48_peak_231c	84	90	+	10.3333	5.38e-05	0.205	CTTCGAC
CYTCGNC	DREME-6	t48_peak_1384	79	85	-	10.3333	5.38e-05	0.205	CTTCGAC
CYTCGNC	DREME-6	t48_peak_1000d	85	91	+	10.3333	5.38e-05	0.205	CTTCGAC
CYTCGNC	DREME-6	t48_peak_1809	86	92	+	10.3333	5.38e-05	0.205	CTTCGAC
CYTCGNC	DREME-6	t48_peak_1224	80	86	-	10.3333	5.38e-05	0.205	CTTCGAC
CYTCGNC	DREME-6	t48_peak_1706	87	93	+	10.3333	5.38e-05	0.205	CTTCGAC
CYTCGNC	DREME-6	t48_peak_225	83	89	-	10.3333	5.38e-05	0.205	CTTCGAC
CYTCGNC	DREME-6	t48_peak_151	83	89	-	10.3333	5.38e-05	0.205	CTTCGAC
CYTCGNC	DREME-6	t48_peak_1503a	90	96	+	10.3333	5.38e-05	0.205	CTTCGAC
CYTCGNC	DREME-6	t48_peak_692	85	91	-	10.3333	5.38e-05	0.205	CTTCGAC
CYTCGNC	DREME-6	t48_peak_1391	91	97	+	10.3333	5.38e-05	0.205	CTTCGAC
CYTCGNC	DREME-6	t48_peak_2554	86	92	-	10.3333	5.38e-05	0.205	CTTCGAC
CYTCGNC	DREME-6	t48_peak_152	92	98	+	10.3333	5.38e-05	0.205	CTTCGAC
CYTCGNC	DREME-6	t48_peak_209	86	92	-	10.3333	5.38e-05	0.205	CTTCGAC
CYTCGNC	DREME-6	t48_peak_2083	87	93	-	10.3333	5.38e-05	0.205	CTTCGAC
CYTCGNC	DREME-6	t48_peak_1693	88	94	-	10.3333	5.38e-05	0.205	CTTCGAC
CYTCGNC	DREME-6	t48_peak_1180a	94	100	+	10.3333	5.38e-05	0.205	CTTCGAC
CYTCGNC	DREME-6	t48_peak_1937	88	94	-	10.3333	5.38e-05	0.205	CTTCGAC
CYTCGNC	DREME-6	t48_peak_271	89	95	-	10.3333	5.38e-05	0.205	CTTCGAC
CYTCGNC	DREME-6	t48_peak_2178	97	103	+	10.3333	5.38e-05	0.205	CTTCGAC
CYTCGNC	DREME-6	t48_peak_2055	91	97	-	10.3333	5.38e-05	0.205	CTTCGAC
CYTCGNC	DREME-6	t48_peak_1541b	92	98	-	10.3333	5.38e-05	0.205	CTTCGAC
CYTCGNC	DREME-6	t48_peak_769	93	99	-	10.3333	5.38e-05	0.205	CTTCGAC
CYTCGNC	DREME-6	t48_peak_568	93	99	-	10.3333	5.38e-05	0.205	CTTCGAC
CYTCGNC	DREME-6	t48_peak_397	93	99	-	10.3333	5.38e-05	0.205	CTTCGAC
CYTCGNC	DREME-6	t48_peak_1945	100	106	+	10.3333	5.38e-05	0.205	CTTCGAC
CYTCGNC	DREME-6	t48_peak_651	100	106	+	10.3333	5.38e-05	0.205	CTTCGAC
CYTCGNC	DREME-6	t48_peak_131	94	100	-	10.3333	5.38e-05	0.205	CTTCGAC
CYTCGNC	DREME-6	t48_peak_1899	95	101	-	10.3333	5.38e-05	0.205	CTTCGAC
CYTCGNC	DREME-6	t48_peak_1250b	101	107	+	10.3333	5.38e-05	0.205	CTTCGAC
CYTCGNC	DREME-6	t48_peak_2372	103	109	+	10.3333	5.38e-05	0.205	CTTCGAC
CYTCGNC	DREME-6	t48_peak_239	97	103	-	10.3333	5.38e-05	0.205	CTTCGAC
CYTCGNC	DREME-6	t48_peak_1449	104	110	+	10.3333	5.38e-05	0.205	CTTCGAC
CYTCGNC	DREME-6	t48_peak_231a	99	105	-	10.3333	5.38e-05	0.205	CTTCGAC
CYTCGNC	DREME-6	t48_peak_2170	106	112	+	10.3333	5.38e-05	0.205	CTTCGAC
CYTCGNC	DREME-6	t48_peak_219	106	112	+	10.3333	5.38e-05	0.205	CTTCGAC
CYTCGNC	DREME-6	t48_peak_851a	102	108	-	10.3333	5.38e-05	0.205	CTTCGAC
CYTCGNC	DREME-6	t48_peak_120	109	115	+	10.3333	5.38e-05	0.205	CTTCGAC
CYTCGNC	DREME-6	t48_peak_2591	103	109	-	10.3333	5.38e-05	0.205	CTTCGAC
CYTCGNC	DREME-6	t48_peak_1712b	104	110	-	10.3333	5.38e-05	0.205	CTTCGAC
CYTCGNC	DREME-6	t48_peak_749	110	116	+	10.3333	5.38e-05	0.205	CTTCGAC
CYTCGNC	DREME-6	t48_peak_279b	111	117	+	10.3333	5.38e-05	0.205	CTTCGAC
CYTCGNC	DREME-6	t48_peak_270	110	116	-	10.3333	5.38e-05	0.205	CTTCGAC
CYTCGNC	DREME-6	t48_peak_22	117	123	+	10.3333	5.38e-05	0.205	CTTCGAC
CYTCGNC	DREME-6	t48_peak_81	111	117	-	10.3333	5.38e-05	0.205	CTTCGAC
CYTCGNC	DREME-6	t48_peak_576	113	119	-	10.3333	5.38e-05	0.205	CTTCGAC
CYTCGNC	DREME-6	t48_peak_1044	119	125	+	10.3333	5.38e-05	0.205	CTTCGAC
CYTCGNC	DREME-6	t48_peak_1227	120	126	+	10.3333	5.38e-05	0.205	CTTCGAC
CYTCGNC	DREME-6	t48_peak_1746	114	120	-	10.3333	5.38e-05	0.205	CTTCGAC
CYTCGNC	DREME-6	t48_peak_1288	121	127	+	10.3333	5.38e-05	0.205	CTTCGAC
CYTCGNC	DREME-6	t48_peak_1382	115	121	-	10.3333	5.38e-05	0.205	CTTCGAC
CYTCGNC	DREME-6	t48_peak_1823	116	122	-	10.3333	5.38e-05	0.205	CTTCGAC
CYTCGNC	DREME-6	t48_peak_716	116	122	-	10.3333	5.38e-05	0.205	CTTCGAC
CYTCGNC	DREME-6	t48_peak_2209	117	123	-	10.3333	5.38e-05	0.205	CTTCGAC
CYTCGNC	DREME-6	t48_peak_362a	117	123	-	10.3333	5.38e-05	0.205	CTTCGAC
CYTCGNC	DREME-6	t48_peak_1011	119	125	-	10.3333	5.38e-05	0.205	CTTCGAC
CYTCGNC	DREME-6	t48_peak_609	127	133	+	10.3333	5.38e-05	0.205	CTTCGAC
CYTCGNC	DREME-6	t48_peak_21	127	133	+	10.3333	5.38e-05	0.205	CTTCGAC
CYTCGNC	DREME-6	t48_peak_226	123	129	-	10.3333	5.38e-05	0.205	CTTCGAC
CYTCGNC	DREME-6	t48_peak_1196	123	129	-	10.3333	5.38e-05	0.205	CTTCGAC
CYTCGNC	DREME-6	t48_peak_1031	124	130	-	10.3333	5.38e-05	0.205	CTTCGAC
CYTCGNC	DREME-6	t48_peak_1748	130	136	+	10.3333	5.38e-05	0.205	CTTCGAC
CYTCGNC	DREME-6	t48_peak_1316	125	131	-	10.3333	5.38e-05	0.205	CTTCGAC
CYTCGNC	DREME-6	t48_peak_1913	125	131	-	10.3333	5.38e-05	0.205	CTTCGAC
CYTCGNC	DREME-6	t48_peak_1814	125	131	-	10.3333	5.38e-05	0.205	CTTCGAC
CYTCGNC	DREME-6	t48_peak_1462	132	138	+	10.3333	5.38e-05	0.205	CTTCGAC
CYTCGNC	DREME-6	t48_peak_1051	133	139	+	10.3333	5.38e-05	0.205	CTTCGAC
CYTCGNC	DREME-6	t48_peak_1620	133	139	+	10.3333	5.38e-05	0.205	CTTCGAC
CYTCGNC	DREME-6	t48_peak_1169	127	133	-	10.3333	5.38e-05	0.205	CTTCGAC
CYTCGNC	DREME-6	t48_peak_1277a	134	140	+	10.3333	5.38e-05	0.205	CTTCGAC
CYTCGNC	DREME-6	t48_peak_135	136	142	+	10.3333	5.38e-05	0.205	CTTCGAC
CYTCGNC	DREME-6	t48_peak_1507a	136	142	+	10.3333	5.38e-05	0.205	CTTCGAC
CYTCGNC	DREME-6	t48_peak_385	131	137	-	10.3333	5.38e-05	0.205	CTTCGAC
CYTCGNC	DREME-6	t48_peak_2242b	137	143	+	10.3333	5.38e-05	0.205	CTTCGAC
CYTCGNC	DREME-6	t48_peak_1028	132	138	-	10.3333	5.38e-05	0.205	CTTCGAC
CYTCGNC	DREME-6	t48_peak_1988	132	138	-	10.3333	5.38e-05	0.205	CTTCGAC
CYTCGNC	DREME-6	t48_peak_728	132	138	-	10.3333	5.38e-05	0.205	CTTCGAC
CYTCGNC	DREME-6	t48_peak_463	139	145	+	10.3333	5.38e-05	0.205	CTTCGAC
CYTCGNC	DREME-6	t48_peak_1205	133	139	-	10.3333	5.38e-05	0.205	CTTCGAC
CYTCGNC	DREME-6	t48_peak_2326	134	140	-	10.3333	5.38e-05	0.205	CTTCGAC
CYTCGNC	DREME-6	t48_peak_687	135	141	-	10.3333	5.38e-05	0.205	CTTCGAC
CYTCGNC	DREME-6	t48_peak_2098	142	148	+	10.3333	5.38e-05	0.205	CTTCGAC
CYTCGNC	DREME-6	t48_peak_1166	143	149	+	10.3333	5.38e-05	0.205	CTTCGAC
CYTCGNC	DREME-6	t48_peak_1773	143	149	+	10.3333	5.38e-05	0.205	CTTCGAC
CYTCGNC	DREME-6	t48_peak_1939	137	143	-	10.3333	5.38e-05	0.205	CTTCGAC
CYTCGNC	DREME-6	t48_peak_97	139	145	-	10.3333	5.38e-05	0.205	CTTCGAC
CYTCGNC	DREME-6	t48_peak_237	140	146	-	10.3333	5.38e-05	0.205	CTTCGAC
CYTCGNC	DREME-6	t48_peak_1716	141	147	-	10.3333	5.38e-05	0.205	CTTCGAC
CYTCGNC	DREME-6	t48_peak_889a	147	153	+	10.3333	5.38e-05	0.205	CTTCGAC
CYTCGNC	DREME-6	t48_peak_1290	148	154	+	10.3333	5.38e-05	0.205	CTTCGAC
CYTCGNC	DREME-6	t48_peak_1201	142	148	-	10.3333	5.38e-05	0.205	CTTCGAC
CYTCGNC	DREME-6	t48_peak_1390	148	154	+	10.3333	5.38e-05	0.205	CTTCGAC
CYTCGNC	DREME-6	t48_peak_1571	143	149	-	10.3333	5.38e-05	0.205	CTTCGAC
CYTCGNC	DREME-6	t48_peak_1643	143	149	-	10.3333	5.38e-05	0.205	CTTCGAC
CYTCGNC	DREME-6	t48_peak_424b	143	149	-	10.3333	5.38e-05	0.205	CTTCGAC
CYTCGNC	DREME-6	t48_peak_2287	150	156	+	10.3333	5.38e-05	0.205	CTTCGAC
CYTCGNC	DREME-6	t48_peak_511	150	156	+	10.3333	5.38e-05	0.205	CTTCGAC
CYTCGNC	DREME-6	t48_peak_1722a	146	152	-	10.3333	5.38e-05	0.205	CTTCGAC
CYTCGNC	DREME-6	t48_peak_733	146	152	-	10.3333	5.38e-05	0.205	CTTCGAC
CYTCGNC	DREME-6	t48_peak_2180	154	160	+	10.3333	5.38e-05	0.205	CTTCGAC
CYTCGNC	DREME-6	t48_peak_1584b	148	154	-	10.3333	5.38e-05	0.205	CTTCGAC
CYTCGNC	DREME-6	t48_peak_312a	154	160	+	10.3333	5.38e-05	0.205	CTTCGAC
CYTCGNC	DREME-6	t48_peak_1653	155	161	+	10.3333	5.38e-05	0.205	CTTCGAC
CYTCGNC	DREME-6	t48_peak_1698	155	161	+	10.3333	5.38e-05	0.205	CTTCGAC
CYTCGNC	DREME-6	t48_peak_707	150	156	-	10.3333	5.38e-05	0.205	CTTCGAC
CYTCGNC	DREME-6	t48_peak_2262	156	162	+	10.3333	5.38e-05	0.205	CTTCGAC
CYTCGNC	DREME-6	t48_peak_1598a	156	162	+	10.3333	5.38e-05	0.205	CTTCGAC
CYTCGNC	DREME-6	t48_peak_1850	158	164	+	10.3333	5.38e-05	0.205	CTTCGAC
CYTCGNC	DREME-6	t48_peak_835	153	159	-	10.3333	5.38e-05	0.205	CTTCGAC
CYTCGNC	DREME-6	t48_peak_275	155	161	-	10.3333	5.38e-05	0.205	CTTCGAC
CYTCGNC	DREME-6	t48_peak_2011b	155	161	-	10.3333	5.38e-05	0.205	CTTCGAC
CYTCGNC	DREME-6	t48_peak_1292	162	168	+	10.3333	5.38e-05	0.205	CTTCGAC
CYTCGNC	DREME-6	t48_peak_1287	163	169	+	10.3333	5.38e-05	0.205	CTTCGAC
CYTCGNC	DREME-6	t48_peak_1434	163	169	+	10.3333	5.38e-05	0.205	CTTCGAC
CYTCGNC	DREME-6	t48_peak_250	157	163	-	10.3333	5.38e-05	0.205	CTTCGAC
CYTCGNC	DREME-6	t48_peak_1187	164	170	+	10.3333	5.38e-05	0.205	CTTCGAC
CYTCGNC	DREME-6	t48_peak_2210	166	172	+	10.3333	5.38e-05	0.205	CTTCGAC
CYTCGNC	DREME-6	t48_peak_2283b	160	166	-	10.3333	5.38e-05	0.205	CTTCGAC
CYTCGNC	DREME-6	t48_peak_2570	161	167	-	10.3333	5.38e-05	0.205	CTTCGAC
CYTCGNC	DREME-6	t48_peak_2553	168	174	+	10.3333	5.38e-05	0.205	CTTCGAC
CYTCGNC	DREME-6	t48_peak_1755b	168	174	+	10.3333	5.38e-05	0.205	CTTCGAC
CYTCGNC	DREME-6	t48_peak_443	163	169	-	10.3333	5.38e-05	0.205	CTTCGAC
CYTCGNC	DREME-6	t48_peak_313	169	175	+	10.3333	5.38e-05	0.205	CTTCGAC
CYTCGNC	DREME-6	t48_peak_1703	170	176	+	10.3333	5.38e-05	0.205	CTTCGAC
CYTCGNC	DREME-6	t48_peak_2019	170	176	+	10.3333	5.38e-05	0.205	CTTCGAC
CYTCGNC	DREME-6	t48_peak_214	170	176	+	10.3333	5.38e-05	0.205	CTTCGAC
CYTCGNC	DREME-6	t48_peak_873	170	176	+	10.3333	5.38e-05	0.205	CTTCGAC
CYTCGNC	DREME-6	t48_peak_2474	164	170	-	10.3333	5.38e-05	0.205	CTTCGAC
CYTCGNC	DREME-6	t48_peak_2089	171	177	+	10.3333	5.38e-05	0.205	CTTCGAC
CYTCGNC	DREME-6	t48_peak_318	165	171	-	10.3333	5.38e-05	0.205	CTTCGAC
CYTCGNC	DREME-6	t48_peak_1475	165	171	-	10.3333	5.38e-05	0.205	CTTCGAC
CYTCGNC	DREME-6	t48_peak_156	166	172	-	10.3333	5.38e-05	0.205	CTTCGAC
CYTCGNC	DREME-6	t48_peak_197	173	179	+	10.3333	5.38e-05	0.205	CTTCGAC
CYTCGNC	DREME-6	t48_peak_875c	173	179	+	10.3333	5.38e-05	0.205	CTTCGAC
CYTCGNC	DREME-6	t48_peak_2016a	174	180	+	10.3333	5.38e-05	0.205	CTTCGAC
CYTCGNC	DREME-6	t48_peak_86	174	180	+	10.3333	5.38e-05	0.205	CTTCGAC
CYTCGNC	DREME-6	t48_peak_707	174	180	+	10.3333	5.38e-05	0.205	CTTCGAC
CYTCGNC	DREME-6	t48_peak_1970	176	182	+	10.3333	5.38e-05	0.205	CTTCGAC
CYTCGNC	DREME-6	t48_peak_202	170	176	-	10.3333	5.38e-05	0.205	CTTCGAC
CYTCGNC	DREME-6	t48_peak_1292	171	177	-	10.3333	5.38e-05	0.205	CTTCGAC
CYTCGNC	DREME-6	t48_peak_2288a	180	186	+	10.3333	5.38e-05	0.205	CTTCGAC
CYTCGNC	DREME-6	t48_peak_2555	174	180	-	10.3333	5.38e-05	0.205	CTTCGAC
CYTCGNC	DREME-6	t48_peak_2211	180	186	+	10.3333	5.38e-05	0.205	CTTCGAC
CYTCGNC	DREME-6	t48_peak_1750	181	187	+	10.3333	5.38e-05	0.205	CTTCGAC
CYTCGNC	DREME-6	t48_peak_1845a	181	187	+	10.3333	5.38e-05	0.205	CTTCGAC
CYTCGNC	DREME-6	t48_peak_2263	181	187	+	10.3333	5.38e-05	0.205	CTTCGAC
CYTCGNC	DREME-6	t48_peak_750	181	187	+	10.3333	5.38e-05	0.205	CTTCGAC
CYTCGNC	DREME-6	t48_peak_256	176	182	-	10.3333	5.38e-05	0.205	CTTCGAC
CYTCGNC	DREME-6	t48_peak_897	182	188	+	10.3333	5.38e-05	0.205	CTTCGAC
CYTCGNC	DREME-6	t48_peak_2418a	183	189	+	10.3333	5.38e-05	0.205	CTTCGAC
CYTCGNC	DREME-6	t48_peak_1431	183	189	+	10.3333	5.38e-05	0.205	CTTCGAC
CYTCGNC	DREME-6	t48_peak_1314	177	183	-	10.3333	5.38e-05	0.205	CTTCGAC
CYTCGNC	DREME-6	t48_peak_510	184	190	+	10.3333	5.38e-05	0.205	CTTCGAC
CYTCGNC	DREME-6	t48_peak_1590	185	191	+	10.3333	5.38e-05	0.205	CTTCGAC
CYTCGNC	DREME-6	t48_peak_1532	185	191	+	10.3333	5.38e-05	0.205	CTTCGAC
CYTCGNC	DREME-6	t48_peak_827	185	191	+	10.3333	5.38e-05	0.205	CTTCGAC
CYTCGNC	DREME-6	t48_peak_914	185	191	+	10.3333	5.38e-05	0.205	CTTCGAC
CYTCGNC	DREME-6	t48_peak_1611	185	191	+	10.3333	5.38e-05	0.205	CTTCGAC
CYTCGNC	DREME-6	t48_peak_1563a	180	186	-	10.3333	5.38e-05	0.205	CTTCGAC
CYTCGNC	DREME-6	t48_peak_1755b	180	186	-	10.3333	5.38e-05	0.205	CTTCGAC
CYTCGNC	DREME-6	t48_peak_2608	187	193	+	10.3333	5.38e-05	0.205	CTTCGAC
CYTCGNC	DREME-6	t48_peak_2451	181	187	-	10.3333	5.38e-05	0.205	CTTCGAC
CYTCGNC	DREME-6	t48_peak_2503	181	187	-	10.3333	5.38e-05	0.205	CTTCGAC
CYTCGNC	DREME-6	t48_peak_582	187	193	+	10.3333	5.38e-05	0.205	CTTCGAC
CYTCGNC	DREME-6	t48_peak_851a	183	189	-	10.3333	5.38e-05	0.205	CTTCGAC
CYTCGNC	DREME-6	t48_peak_24	190	196	+	10.3333	5.38e-05	0.205	CTTCGAC
CYTCGNC	DREME-6	t48_peak_1078	191	197	+	10.3333	5.38e-05	0.205	CTTCGAC
CYTCGNC	DREME-6	t48_peak_2523	186	192	-	10.3333	5.38e-05	0.205	CTTCGAC
CYTCGNC	DREME-6	t48_peak_1498	193	199	+	10.3333	5.38e-05	0.205	CTTCGAC
CYTCGNC	DREME-6	t48_peak_1430	194	200	+	10.3333	5.38e-05	0.205	CTTCGAC
CYTCGNC	DREME-6	t48_peak_1453	195	201	+	10.3333	5.38e-05	0.205	CTTCGAC
CYTCGNC	DREME-6	t48_peak_2079	190	196	-	10.3333	5.38e-05	0.205	CTTCGAC
CYTCGNC	DREME-6	t48_peak_507	192	198	-	10.3333	5.38e-05	0.205	CTTCGAC
CYTCGNC	DREME-6	t48_peak_624	193	199	-	10.3333	5.38e-05	0.205	CTTCGAC
CYTCGNC	DREME-6	t48_peak_560	199	205	+	10.3333	5.38e-05	0.205	CTTCGAC
CYTCGNC	DREME-6	t48_peak_713	199	205	+	10.3333	5.38e-05	0.205	CTTCGAC
CYTCGNC	DREME-6	t48_peak_368	195	201	-	10.3333	5.38e-05	0.205	CTTCGAC
CYTCGNC	DREME-6	t48_peak_1278	201	207	+	10.3333	5.38e-05	0.205	CTTCGAC
CYTCGNC	DREME-6	t48_peak_1925	201	207	+	10.3333	5.38e-05	0.205	CTTCGAC
CYTCGNC	DREME-6	t48_peak_1025	202	208	+	10.3333	5.38e-05	0.205	CTTCGAC
CYTCGNC	DREME-6	t48_peak_1218	198	204	-	10.3333	5.38e-05	0.205	CTTCGAC
CYTCGNC	DREME-6	t48_peak_977a	199	205	-	10.3333	5.38e-05	0.205	CTTCGAC
CYTCGNC	DREME-6	t48_peak_124	205	211	+	10.3333	5.38e-05	0.205	CTTCGAC
CYTCGNC	DREME-6	t48_peak_1367	205	211	+	10.3333	5.38e-05	0.205	CTTCGAC
CYTCGNC	DREME-6	t48_peak_2605	200	206	-	10.3333	5.38e-05	0.205	CTTCGAC
CYTCGNC	DREME-6	t48_peak_1961b	206	212	+	10.3333	5.38e-05	0.205	CTTCGAC
CYTCGNC	DREME-6	t48_peak_1420	206	212	+	10.3333	5.38e-05	0.205	CTTCGAC
CYTCGNC	DREME-6	t48_peak_1910	207	213	+	10.3333	5.38e-05	0.205	CTTCGAC
CYTCGNC	DREME-6	t48_peak_763	203	209	-	10.3333	5.38e-05	0.205	CTTCGAC
CYTCGNC	DREME-6	t48_peak_579b	203	209	-	10.3333	5.38e-05	0.205	CTTCGAC
CYTCGNC	DREME-6	t48_peak_830	210	216	+	10.3333	5.38e-05	0.205	CTTCGAC
CYTCGNC	DREME-6	t48_peak_288	211	217	+	10.3333	5.38e-05	0.205	CTTCGAC
CYTCGNC	DREME-6	t48_peak_2223	212	218	+	10.3333	5.38e-05	0.205	CTTCGAC
CYTCGNC	DREME-6	t48_peak_2032	206	212	-	10.3333	5.38e-05	0.205	CTTCGAC
CYTCGNC	DREME-6	t48_peak_534	207	213	-	10.3333	5.38e-05	0.205	CTTCGAC
CYTCGNC	DREME-6	t48_peak_1494b	209	215	-	10.3333	5.38e-05	0.205	CTTCGAC
CYTCGNC	DREME-6	t48_peak_1162	209	215	-	10.3333	5.38e-05	0.205	CTTCGAC
CYTCGNC	DREME-6	t48_peak_1476	209	215	-	10.3333	5.38e-05	0.205	CTTCGAC
CYTCGNC	DREME-6	t48_peak_1880	209	215	-	10.3333	5.38e-05	0.205	CTTCGAC
CYTCGNC	DREME-6	t48_peak_459a	209	215	-	10.3333	5.38e-05	0.205	CTTCGAC
CYTCGNC	DREME-6	t48_peak_2553	216	222	+	10.3333	5.38e-05	0.205	CTTCGAC
CYTCGNC	DREME-6	t48_peak_1951c	210	216	-	10.3333	5.38e-05	0.205	CTTCGAC
CYTCGNC	DREME-6	t48_peak_1656	217	223	+	10.3333	5.38e-05	0.205	CTTCGAC
CYTCGNC	DREME-6	t48_peak_1033	217	223	+	10.3333	5.38e-05	0.205	CTTCGAC
CYTCGNC	DREME-6	t48_peak_352	212	218	-	10.3333	5.38e-05	0.205	CTTCGAC
CYTCGNC	DREME-6	t48_peak_1734	218	224	+	10.3333	5.38e-05	0.205	CTTCGAC
CYTCGNC	DREME-6	t48_peak_1820	219	225	+	10.3333	5.38e-05	0.205	CTTCGAC
CYTCGNC	DREME-6	t48_peak_1170	213	219	-	10.3333	5.38e-05	0.205	CTTCGAC
CYTCGNC	DREME-6	t48_peak_2529	219	225	+	10.3333	5.38e-05	0.205	CTTCGAC
CYTCGNC	DREME-6	t48_peak_1625	214	220	-	10.3333	5.38e-05	0.205	CTTCGAC
CYTCGNC	DREME-6	t48_peak_1671	220	226	+	10.3333	5.38e-05	0.205	CTTCGAC
CYTCGNC	DREME-6	t48_peak_609	220	226	+	10.3333	5.38e-05	0.205	CTTCGAC
CYTCGNC	DREME-6	t48_peak_1421	215	221	-	10.3333	5.38e-05	0.205	CTTCGAC
CYTCGNC	DREME-6	t48_peak_1187	221	227	+	10.3333	5.38e-05	0.205	CTTCGAC
CYTCGNC	DREME-6	t48_peak_672	215	221	-	10.3333	5.38e-05	0.205	CTTCGAC
CYTCGNC	DREME-6	t48_peak_41	216	222	-	10.3333	5.38e-05	0.205	CTTCGAC
CYTCGNC	DREME-6	t48_peak_2462	216	222	-	10.3333	5.38e-05	0.205	CTTCGAC
CYTCGNC	DREME-6	t48_peak_644	223	229	+	10.3333	5.38e-05	0.205	CTTCGAC
CYTCGNC	DREME-6	t48_peak_268	218	224	-	10.3333	5.38e-05	0.205	CTTCGAC
CYTCGNC	DREME-6	t48_peak_2036a	224	230	+	10.3333	5.38e-05	0.205	CTTCGAC
CYTCGNC	DREME-6	t48_peak_1702	218	224	-	10.3333	5.38e-05	0.205	CTTCGAC
CYTCGNC	DREME-6	t48_peak_1529	220	226	-	10.3333	5.38e-05	0.205	CTTCGAC
CYTCGNC	DREME-6	t48_peak_751	220	226	-	10.3333	5.38e-05	0.205	CTTCGAC
CYTCGNC	DREME-6	t48_peak_75	221	227	-	10.3333	5.38e-05	0.205	CTTCGAC
CYTCGNC	DREME-6	t48_peak_2353	222	228	-	10.3333	5.38e-05	0.205	CTTCGAC
CYTCGNC	DREME-6	t48_peak_1133a	222	228	-	10.3333	5.38e-05	0.205	CTTCGAC
CYTCGNC	DREME-6	t48_peak_62	222	228	-	10.3333	5.38e-05	0.205	CTTCGAC
CYTCGNC	DREME-6	t48_peak_1827	222	228	-	10.3333	5.38e-05	0.205	CTTCGAC
CYTCGNC	DREME-6	t48_peak_1565	230	236	+	10.3333	5.38e-05	0.205	CTTCGAC
CYTCGNC	DREME-6	t48_peak_1947	226	232	-	10.3333	5.38e-05	0.205	CTTCGAC
CYTCGNC	DREME-6	t48_peak_1164	235	241	+	10.3333	5.38e-05	0.205	CTTCGAC
CYTCGNC	DREME-6	t48_peak_694	235	241	+	10.3333	5.38e-05	0.205	CTTCGAC
CYTCGNC	DREME-6	t48_peak_1632	236	242	+	10.3333	5.38e-05	0.205	CTTCGAC
CYTCGNC	DREME-6	t48_peak_2241	231	237	-	10.3333	5.38e-05	0.205	CTTCGAC
CYTCGNC	DREME-6	t48_peak_318	237	243	+	10.3333	5.38e-05	0.205	CTTCGAC
CYTCGNC	DREME-6	t48_peak_90	237	243	+	10.3333	5.38e-05	0.205	CTTCGAC
CYTCGNC	DREME-6	t48_peak_528a	231	237	-	10.3333	5.38e-05	0.205	CTTCGAC
CYTCGNC	DREME-6	t48_peak_1771	238	244	+	10.3333	5.38e-05	0.205	CTTCGAC
CYTCGNC	DREME-6	t48_peak_1062	233	239	-	10.3333	5.38e-05	0.205	CTTCGAC
CYTCGNC	DREME-6	t48_peak_2194a	233	239	-	10.3333	5.38e-05	0.205	CTTCGAC
CYTCGNC	DREME-6	t48_peak_61	239	245	+	10.3333	5.38e-05	0.205	CTTCGAC
CYTCGNC	DREME-6	t48_peak_1274b	234	240	-	10.3333	5.38e-05	0.205	CTTCGAC
CYTCGNC	DREME-6	t48_peak_2593	234	240	-	10.3333	5.38e-05	0.205	CTTCGAC
CYTCGNC	DREME-6	t48_peak_2186	241	247	+	10.3333	5.38e-05	0.205	CTTCGAC
CYTCGNC	DREME-6	t48_peak_1872	242	248	+	10.3333	5.38e-05	0.205	CTTCGAC
CYTCGNC	DREME-6	t48_peak_2204	236	242	-	10.3333	5.38e-05	0.205	CTTCGAC
CYTCGNC	DREME-6	t48_peak_1992	242	248	+	10.3333	5.38e-05	0.205	CTTCGAC
CYTCGNC	DREME-6	t48_peak_2190	242	248	+	10.3333	5.38e-05	0.205	CTTCGAC
CYTCGNC	DREME-6	t48_peak_439	237	243	-	10.3333	5.38e-05	0.205	CTTCGAC
CYTCGNC	DREME-6	t48_peak_272	247	253	+	10.3333	5.38e-05	0.205	CTTCGAC
CYTCGNC	DREME-6	t48_peak_889b	248	254	+	10.3333	5.38e-05	0.205	CTTCGAC
CYTCGNC	DREME-6	t48_peak_2418b	248	254	+	10.3333	5.38e-05	0.205	CTTCGAC
CYTCGNC	DREME-6	t48_peak_1845b	248	254	+	10.3333	5.38e-05	0.205	CTTCGAC
CYTCGNC	DREME-6	t48_peak_1411	244	250	-	10.3333	5.38e-05	0.205	CTTCGAC
CYTCGNC	DREME-6	t48_peak_1564	251	257	+	10.3333	5.38e-05	0.205	CTTCGAC
CYTCGNC	DREME-6	t48_peak_1697	245	251	-	10.3333	5.38e-05	0.205	CTTCGAC
CYTCGNC	DREME-6	t48_peak_677	245	251	-	10.3333	5.38e-05	0.205	CTTCGAC
CYTCGNC	DREME-6	t48_peak_595	246	252	-	10.3333	5.38e-05	0.205	CTTCGAC
CYTCGNC	DREME-6	t48_peak_1819	253	259	+	10.3333	5.38e-05	0.205	CTTCGAC
CYTCGNC	DREME-6	t48_peak_116	253	259	+	10.3333	5.38e-05	0.205	CTTCGAC
CYTCGNC	DREME-6	t48_peak_1660a	254	260	+	10.3333	5.38e-05	0.205	CTTCGAC
CYTCGNC	DREME-6	t48_peak_256	248	254	-	10.3333	5.38e-05	0.205	CTTCGAC
CYTCGNC	DREME-6	t48_peak_648	249	255	-	10.3333	5.38e-05	0.205	CTTCGAC
CYTCGNC	DREME-6	t48_peak_549	256	262	+	10.3333	5.38e-05	0.205	CTTCGAC
CYTCGNC	DREME-6	t48_peak_1624	250	256	-	10.3333	5.38e-05	0.205	CTTCGAC
CYTCGNC	DREME-6	t48_peak_1246	250	256	-	10.3333	5.38e-05	0.205	CTTCGAC
CYTCGNC	DREME-6	t48_peak_1412	258	264	+	10.3333	5.38e-05	0.205	CTTCGAC
CYTCGNC	DREME-6	t48_peak_2446a	260	266	+	10.3333	5.38e-05	0.205	CTTCGAC
CYTCGNC	DREME-6	t48_peak_2040a	261	267	+	10.3333	5.38e-05	0.205	CTTCGAC
CYTCGNC	DREME-6	t48_peak_41	261	267	+	10.3333	5.38e-05	0.205	CTTCGAC
CYTCGNC	DREME-6	t48_peak_2234	261	267	+	10.3333	5.38e-05	0.205	CTTCGAC
CYTCGNC	DREME-6	t48_peak_300	261	267	+	10.3333	5.38e-05	0.205	CTTCGAC
CYTCGNC	DREME-6	t48_peak_1339	255	261	-	10.3333	5.38e-05	0.205	CTTCGAC
CYTCGNC	DREME-6	t48_peak_1711	256	262	-	10.3333	5.38e-05	0.205	CTTCGAC
CYTCGNC	DREME-6	t48_peak_1803	262	268	+	10.3333	5.38e-05	0.205	CTTCGAC
CYTCGNC	DREME-6	t48_peak_1914	262	268	+	10.3333	5.38e-05	0.205	CTTCGAC
CYTCGNC	DREME-6	t48_peak_1289	263	269	+	10.3333	5.38e-05	0.205	CTTCGAC
CYTCGNC	DREME-6	t48_peak_147	264	270	+	10.3333	5.38e-05	0.205	CTTCGAC
CYTCGNC	DREME-6	t48_peak_1764b	258	264	-	10.3333	5.38e-05	0.205	CTTCGAC
CYTCGNC	DREME-6	t48_peak_208	258	264	-	10.3333	5.38e-05	0.205	CTTCGAC
CYTCGNC	DREME-6	t48_peak_2565	265	271	+	10.3333	5.38e-05	0.205	CTTCGAC
CYTCGNC	DREME-6	t48_peak_52	259	265	-	10.3333	5.38e-05	0.205	CTTCGAC
CYTCGNC	DREME-6	t48_peak_1549	268	274	+	10.3333	5.38e-05	0.205	CTTCGAC
CYTCGNC	DREME-6	t48_peak_261	268	274	+	10.3333	5.38e-05	0.205	CTTCGAC
CYTCGNC	DREME-6	t48_peak_2554	263	269	-	10.3333	5.38e-05	0.205	CTTCGAC
CYTCGNC	DREME-6	t48_peak_2504	270	276	+	10.3333	5.38e-05	0.205	CTTCGAC
CYTCGNC	DREME-6	t48_peak_18a	264	270	-	10.3333	5.38e-05	0.205	CTTCGAC
CYTCGNC	DREME-6	t48_peak_1951b	271	277	+	10.3333	5.38e-05	0.205	CTTCGAC
CYTCGNC	DREME-6	t48_peak_632	272	278	+	10.3333	5.38e-05	0.205	CTTCGAC
CYTCGNC	DREME-6	t48_peak_1115b	272	278	+	10.3333	5.38e-05	0.205	CTTCGAC
CYTCGNC	DREME-6	t48_peak_2368	272	278	+	10.3333	5.38e-05	0.205	CTTCGAC
CYTCGNC	DREME-6	t48_peak_1775	273	279	+	10.3333	5.38e-05	0.205	CTTCGAC
CYTCGNC	DREME-6	t48_peak_1123	267	273	-	10.3333	5.38e-05	0.205	CTTCGAC
CYTCGNC	DREME-6	t48_peak_2140b	267	273	-	10.3333	5.38e-05	0.205	CTTCGAC
CYTCGNC	DREME-6	t48_peak_1751	274	280	+	10.3333	5.38e-05	0.205	CTTCGAC
CYTCGNC	DREME-6	t48_peak_1842	268	274	-	10.3333	5.38e-05	0.205	CTTCGAC
CYTCGNC	DREME-6	t48_peak_851a	270	276	-	10.3333	5.38e-05	0.205	CTTCGAC
CYTCGNC	DREME-6	t48_peak_1180a	277	283	+	10.3333	5.38e-05	0.205	CTTCGAC
CYTCGNC	DREME-6	t48_peak_1850	278	284	+	10.3333	5.38e-05	0.205	CTTCGAC
CYTCGNC	DREME-6	t48_peak_164	272	278	-	10.3333	5.38e-05	0.205	CTTCGAC
CYTCGNC	DREME-6	t48_peak_986	274	280	-	10.3333	5.38e-05	0.205	CTTCGAC
CYTCGNC	DREME-6	t48_peak_284	281	287	+	10.3333	5.38e-05	0.205	CTTCGAC
CYTCGNC	DREME-6	t48_peak_1793	276	282	-	10.3333	5.38e-05	0.205	CTTCGAC
CYTCGNC	DREME-6	t48_peak_527	282	288	+	10.3333	5.38e-05	0.205	CTTCGAC
CYTCGNC	DREME-6	t48_peak_679b	277	283	-	10.3333	5.38e-05	0.205	CTTCGAC
CYTCGNC	DREME-6	t48_peak_1637	277	283	-	10.3333	5.38e-05	0.205	CTTCGAC
CYTCGNC	DREME-6	t48_peak_1417	278	284	-	10.3333	5.38e-05	0.205	CTTCGAC
CYTCGNC	DREME-6	t48_peak_910	284	290	+	10.3333	5.38e-05	0.205	CTTCGAC
CYTCGNC	DREME-6	t48_peak_1579b	284	290	+	10.3333	5.38e-05	0.205	CTTCGAC
CYTCGNC	DREME-6	t48_peak_2230	285	291	+	10.3333	5.38e-05	0.205	CTTCGAC
CYTCGNC	DREME-6	t48_peak_1692	279	285	-	10.3333	5.38e-05	0.205	CTTCGAC
CYTCGNC	DREME-6	t48_peak_638	286	292	+	10.3333	5.38e-05	0.205	CTTCGAC
CYTCGNC	DREME-6	t48_peak_16	280	286	-	10.3333	5.38e-05	0.205	CTTCGAC
CYTCGNC	DREME-6	t48_peak_621c	281	287	-	10.3333	5.38e-05	0.205	CTTCGAC
CYTCGNC	DREME-6	t48_peak_907	287	293	+	10.3333	5.38e-05	0.205	CTTCGAC
CYTCGNC	DREME-6	t48_peak_715	281	287	-	10.3333	5.38e-05	0.205	CTTCGAC
CYTCGNC	DREME-6	t48_peak_2088	289	295	+	10.3333	5.38e-05	0.205	CTTCGAC
CYTCGNC	DREME-6	t48_peak_2381	283	289	-	10.3333	5.38e-05	0.205	CTTCGAC
CYTCGNC	DREME-6	t48_peak_49	289	295	+	10.3333	5.38e-05	0.205	CTTCGAC
CYTCGNC	DREME-6	t48_peak_1390	289	295	+	10.3333	5.38e-05	0.205	CTTCGAC
CYTCGNC	DREME-6	t48_peak_540	284	290	-	10.3333	5.38e-05	0.205	CTTCGAC
CYTCGNC	DREME-6	t48_peak_2023	291	297	+	10.3333	5.38e-05	0.205	CTTCGAC
CYTCGNC	DREME-6	t48_peak_580	285	291	-	10.3333	5.38e-05	0.205	CTTCGAC
CYTCGNC	DREME-6	t48_peak_391	288	294	-	10.3333	5.38e-05	0.205	CTTCGAC
CYTCGNC	DREME-6	t48_peak_1047	288	294	-	10.3333	5.38e-05	0.205	CTTCGAC
CYTCGNC	DREME-6	t48_peak_26	290	296	-	10.3333	5.38e-05	0.205	CTTCGAC
CYTCGNC	DREME-6	t48_peak_621a	290	296	-	10.3333	5.38e-05	0.205	CTTCGAC
CYTCGNC	DREME-6	t48_peak_1313a	291	297	-	10.3333	5.38e-05	0.205	CTTCGAC
CYTCGNC	DREME-6	t48_peak_1866	291	297	-	10.3333	5.38e-05	0.205	CTTCGAC
CYTCGNC	DREME-6	t48_peak_2497b	293	299	-	10.3333	5.38e-05	0.205	CTTCGAC
CYTCGNC	DREME-6	t48_peak_1095	294	300	-	10.3333	5.38e-05	0.205	CTTCGAC

# FIMO (Find Individual Motif Occurrences): Version 5.1.1 compiled on Aug 30 2020 at 12:36:04
# The format of this file is described at http://meme-suite.org/doc/fimo-output-format.html.
# fimo --parse-genomic-coord --verbosity 1 --oc MEME_CHIP_Motif/t48_peaks_anr/fimo_out_5 --bgfile MEME_CHIP_Motif/t48_peaks_anr/background --motif CYTCGNC MEME_CHIP_Motif/t48_peaks_anr/dreme_out/dreme.xml MEME_CHIP_Motif/t48_peaks_anr/t48_peaks.fa
